organization,n_factories,coef,se,p_value
Accord,116,0.0001611768287296672,0.013223934566818014,0.9902754117083915
Alliance,48,-0.012613682079327091,0.009966082984058149,0.20563449384475974
