Outcome,Coefficient,SE,p_value,Mean_DV,N
Child Labor,-0.005589380047537935,0.007532224890277457,0.458049596468209,0.07980135552987476,32017
School Enrollment,0.01609795018085283,0.011317391224232025,0.15490778144901726,0.9040957463605647,31667
Education Years,-0.22788586475585348,0.09899124248343212,0.021330601122644767,3.51668437168031,32006
Paid Work,-9.40329920259864e-18,6.223865979074432e-17,0.8799090288365518,0.07682731637915703,11246
