Brand,Factories,Treated_Count,Treated_Pct
Primark,244,0,0.0
Walmart,57,73372,42.3956316990726
C&A,43,37811,21.847860630398984
