Specification,Coefficient,Std_Error,P_Value,Significant,R_Squared
basic_no_fe,-0.0061738404824623816,0.0026529512873657312,0.019956783877397005,Yes,0.001747036789012557
basic,-0.006412809913212662,65.42358751528786,0.9999217914790789,No,0.003942407321592234
basic_alt_cluster,-0.006412809913212662,,,No,0.003942407321592234
trends,-0.0021533672652673374,0.004407249743824505,0.6251273165720883,No,0.0039495475252678824
controls,-0.007410205107571676,0.002615060144836259,0.004601750595908516,Yes,0.030931866438951183
